text,label
"heavy rainfall in Prayagraj","rainfall"
"continuous rain since morning","rainfall"
"torrential downpour causing water buildup","rainfall"
"moderate rain showers reported across the city","rainfall"
"intermittent drizzle and dark clouds overhead","rainfall"
"severe cloudburst reported in the hill region","rainfall"
"intense precipitation observed with dark skies","rainfall"
"heavy rain showers continuing without break","rainfall"
"non stop rain recorded in Varanasi district","rainfall"
"steady downpour reported by local station","rainfall"
"lightning and thunder reported","thunderstorm"
"Lightning and thunder observed","thunderstorm"
"severe thunderstorm with intense lightning strikes","thunderstorm"
"thunder and flashes of lightning across eastern horizon","thunderstorm"
"squall and lightning with loud thunder claps","thunderstorm"
"dark convective clouds with heavy lightning strikes","thunderstorm"
"isolated thunderstorm warning issued by observers","thunderstorm"
"violent lightning and stormy conditions outdoors","thunderstorm"
"water entered houses after heavy rain","flooding"
"Water entered houses after continuous rain","flooding"
"severe waterlogging on main roads and low lying areas","flooding"
"flash flood alert as river water breached embankment","flooding"
"streets completely flooded and traffic halted","flooding"
"residential colony submerged under 3 feet of water","flooding"
"inundation reported in low lying colonies near drainage","flooding"
"extreme water accumulation blocking underground subway","flooding"
"extreme heat conditions today","heatwave"
"scorching heat with temperature reaching 46 degrees","heatwave"
"heatwave conditions reported with severe loo winds","heatwave"
"sweltering heat and dangerously high temperature","heatwave"
"extreme hot weather and intense afternoon sun","heatwave"
"sunstroke warning as temperatures exceed normal limits","heatwave"
"severe heat wave gripping northern plains","heatwave"
"burning hot weather with dry winds","heatwave"
"dense fog reducing visibility","fog"
"Very dense fog reducing visibility","fog"
"thick blanket of fog causing flight delays","fog"
"visibility dropped below 50 meters due to heavy fog","fog"
"dense mist and smog covering highway at night","fog"
"low visibility conditions due to morning fog","fog"
"zero visibility reported on national highway","fog"
"heavy morning fog delaying train arrivals","fog"
"dust storm near highway","dust_storm"
"blinding dust storm sweeping across desert border","dust_storm"
"high speed dust winds with yellow sky","dust_storm"
"severe sandstorm reducing outdoor visibility to zero","dust_storm"
"strong dust laden winds blowing across city roads","dust_storm"
"dust whirls and sand squalls reported today","dust_storm"
"very strong winds damaged trees","strong_wind"
"high wind gusts exceeding 75 kmph broke power lines","strong_wind"
"gale force winds shaking roof tops and signage","strong_wind"
"cyclonic strong winds blowing through coastal district","strong_wind"
"violent gusts of wind uprooting electric poles","strong_wind"
"stormy high speed winds making driving hazardous","strong_wind"
"heavy snowfall in Shimla and Manali","snowfall"
"fresh blanket of snow covering valley roads","snowfall"
"blizzard and continuous snowfall at high altitude","snowfall"
"hailstorm followed by light snowfall in mountain pass","snowfall"
"snow storm warning with several feet of snow accumulation","snowfall"
"freezing sleet and heavy snow recorded","snowfall"
"extreme cold wave across Punjab and Haryana","cold_wave"
"sub zero freezing temperatures recorded at dawn","cold_wave"
"severe cold wave with ground frost conditions","cold_wave"
"bone chilling winter cold with icy breeze","cold_wave"
"freezing temperatures causing frost in northern belt","cold_wave"
"unprecedented cold conditions with icy northerly winds","cold_wave"
"clear sky with mild breeze temperature 24C","weather_observation"
"partly cloudy sky with humidity around 65 percent","weather_observation"
"overcast weather conditions with no rain","weather_observation"
"weather observation: temperature 28C, pressure 1012 hPa","weather_observation"
"mainly clear sky with calm wind direction","weather_observation"
"routine weather observation recorded at regional station","weather_observation"
"road construction delayed near marketplace","other"
"traffic jam on flyover due to broken truck","other"
"public gathering near municipal office today","other"
"general news update regarding festival celebration","other"
"power supply scheduled maintenance announced","other"
"regular daily update with no weather phenomena","other"
